{ "copyright_notice": "FDR Version 4.2.4 copyright 2016 Oxford University Innovation Ltd. All Rights Reserved.","license_type": "Academic license for non-commercial use only","results": [{ "assertion_string": "p0_1 ; itick -> STOP\n    [T= prioritise(p0_1t, <{}, {mark}, {itick, tick}, {tock}>)","errors": [],"is_negated": 0,"result": 1,"visited_states": 1,"visited_transitions": 1,"visited_plys": 1,"counterexamples": []}],"print_statement_results": [],"file_name": "GenFiles\/p0_1\/FDR\/p0_1_s8\/p0_1_s8.csp","event_map": {},"warnings": [],"errors": []}