<?xml version="1.0" encoding="utf-8"?> 
<!DOCTYPE nta PUBLIC '-//Uppaal Team//DTD Flat System 1.1//EN' 'http://www.it.uu.se/research/group/darts/uppaal/flat-1_2.dtd'>

<nta>
<declaration>
  chan tick, iitick, itau, startID0_0, startID0_1, startID0_2, startID, startIDp1_6, startExcp0, startExcp1, startExcp2, startExcp3, startExcp4, startExcp5, startExcp6, startExcp7, startExcp8, startExcp9, startExcp10, startExcp11, startExcp12, startExcp13, startExcp14, startExcp15, finishID0, finishID1, finishID2, finishID3, finishID4, finishID5, finishID6, finishID7, finishID8, finishID9, finishID10, finishID11, finishID12, finishID13, finishID14, finishID15, e1_intrpt, e2_intrpt, e1, e2;
broadcast  chan tock, e1_exch, e2_exch, itau_exch;
  clock ck;
  bool ep_0_0 = 0, ep_0_1 = 0, ep_0_2 = 0, ep_FID0 = 0, ep_e1_sync = 0, ep_e2_sync = 0, e1_intrpt_guard = 0, e2_intrpt_guard = 0;
  int d0_0 = 0, d0_1 = 0, d0_2 = 0, ready_c = 0, gIntrpt = 0, guard_c = 1, start = 0, dp = 0, tdeadline = 0, e1_exch_ready, e2_exch_ready, itau_exch_ready;
 int __reach__  = 0, __single__  = 0;     
// Needed for Uppaal to work correctly in the verification of reachability
</declaration>
// template for Env begins 

 <template>
 <name> Env</name> 

 <parameter> </parameter>

 <declaration>

</declaration>

<location id="taEnv" >   
<name> taEnv</name>


</location> 

<init ref="taEnv"/>

<transition>
<source ref="taEnv"/>
<target ref="taEnv"/>
<label kind="synchronisation"> e1?</label>
</transition> 


<transition>
<source ref="taEnv"/>
<target ref="taEnv"/>
<label kind="synchronisation"> e2?</label>
</transition> 


<transition>
<source ref="taEnv"/>
<target ref="taEnv"/>
<label kind="synchronisation"> startID0_0!</label>
<label kind="guard"> start==0 </label>
<label kind="assignment">start=1 </label>
</transition> 


<transition>
<source ref="taEnv"/>
<target ref="taEnv"/>
<label kind="synchronisation"> startIDp1_6!</label>
<label kind="guard"> start==0 </label>
<label kind="assignment">start=1 </label>
</transition> 


<transition>
<source ref="taEnv"/>
<target ref="taEnv"/>
<label kind="synchronisation"> finishID0?</label>
<label kind="assignment">dp+=1, ep_FID0=true </label>
</transition> 


<transition>
<source ref="taEnv"/>
<target ref="taEnv"/>
<label kind="synchronisation"> tick?</label>
</transition> 


<transition>
<source ref="taEnv"/>
<target ref="taEnv"/>
<label kind="synchronisation"> iitick?</label>
</transition> 


<transition>
<source ref="taEnv"/>
<target ref="taEnv"/>
<label kind="synchronisation"> itau?</label>
</transition> 


<transition>
<source ref="taEnv"/>
<target ref="taEnv"/>
<label kind="synchronisation"> tock!</label>
<label kind="guard"> ck&lt;=1 </label>
<label kind="assignment">ck=0 </label>
</transition> 
 </template> 
// template for Env ends

// template for taPrefix0_0 begins 

 <template>
 <name> taPrefix0_0</name> 

 <parameter> </parameter>

 <declaration>

</declaration>

<location id="id1" >   
<name> s1</name>


</location> 

<location id="id2" >   
<name> s2</name>


</location> 

<location id="id5" >   
<name> s5</name>

<committed/>
</location> 

<init ref="id1"/>

<transition>
<source ref="id1"/>
<target ref="id2"/>
<label kind="synchronisation"> startIDp1_6?</label>
</transition> 


<transition>
<source ref="id2"/>
<target ref="id5"/>
<label kind="synchronisation"> e1!</label>
<label kind="assignment">dp+=1, ep_0_0=true </label>
</transition> 


<transition>
<source ref="id5"/>
<target ref="id1"/>
<label kind="synchronisation"> startID0_1!</label>
</transition> 


<transition>
<source ref="id2"/>
<target ref="id2"/>
<label kind="synchronisation"> tock?</label>
</transition> 
 </template> 
// template for taPrefix0_0 ends

// template for taPrefix0_1 begins 

 <template>
 <name> taPrefix0_1</name> 

 <parameter> </parameter>

 <declaration>

</declaration>

<location id="id1" >   
<name> s1</name>


</location> 

<location id="id2" >   
<name> s2</name>


</location> 

<location id="id5" >   
<name> s5</name>

<committed/>
</location> 

<init ref="id1"/>

<transition>
<source ref="id1"/>
<target ref="id2"/>
<label kind="synchronisation"> startID0_1?</label>
</transition> 


<transition>
<source ref="id2"/>
<target ref="id5"/>
<label kind="synchronisation"> e2!</label>
<label kind="assignment">dp+=1, ep_0_1=true </label>
</transition> 


<transition>
<source ref="id5"/>
<target ref="id1"/>
<label kind="synchronisation"> startID0_2!</label>
</transition> 


<transition>
<source ref="id2"/>
<target ref="id2"/>
<label kind="synchronisation"> tock?</label>
</transition> 
 </template> 
// template for taPrefix0_1 ends

// template for taWait_n0_2 begins 

 <template>
 <name> taWait_n0_2</name> 

 <parameter> </parameter>

 <declaration>

</declaration>

<location id="id1" >   
<name> s1</name>


</location> 

<location id="id2" >   
<name> s2</name>


</location> 

<location id="id3" >   
<name> s3</name>

<committed/>
</location> 

<init ref="id1"/>

<transition>
<source ref="id1"/>
<target ref="id2"/>
<label kind="synchronisation"> startID0_2?</label>
</transition> 


<transition>
<source ref="id2"/>
<target ref="id2"/>
<label kind="synchronisation"> tock?</label>
</transition> 


<transition>
<source ref="id2"/>
<target ref="id3"/>
<label kind="synchronisation"> tick!</label>
</transition> 


<transition>
<source ref="id3"/>
<target ref="id1"/>
<label kind="synchronisation"> finishID0!</label>
</transition> 
 </template> 
// template for taWait_n0_2 ends

// template for SyncTA begins 

 <template>
 <name> SyncTA</name> 

 <parameter> </parameter>

 <declaration>

</declaration>

<location id="SyncPoint" >   
<name> SyncPoint</name>


</location> 

<init ref="SyncPoint"/>
 </template> 
// template for SyncTA ends


<system>
pEnv = Env();
ptaPrefix0_0 = taPrefix0_0();
ptaPrefix0_1 = taPrefix0_1();
ptaWait_n0_2 = taWait_n0_2();
pSyncTA = SyncTA();


system pEnv, ptaPrefix0_0, ptaPrefix0_1, ptaWait_n0_2, pSyncTA;
</system>

<queries>
<query><formula> E&lt;&gt;  ((dp == 6)) 
</formula>
<comment>  Can we gate a trace up to length 6 
</comment> 
</query> 
</queries>
</nta>