{ "copyright_notice": "FDR Version 4.2.4 copyright 2016 Oxford University Innovation Ltd. All Rights Reserved.","license_type": "Academic license for non-commercial use only","results": [{ "assertion_string": "p1_4 ; itick -> STOP [] tp01\n    [T= prioritise(p1_4t, <{}, {mark}, {itick, tick}, {tock}>)","errors": [],"is_negated": 0,"result": 1,"visited_states": 34,"visited_transitions": 36,"visited_plys": 9,"counterexamples": []}],"print_statement_results": [],"file_name": "GenFiles\/p1_4\/FDR\/p1_4_s6\/p1_4_s6.csp","event_map": {},"warnings": [],"errors": []}