{ "copyright_notice": "FDR Version 4.2.4 copyright 2016 Oxford University Innovation Ltd. All Rights Reserved.","license_type": "Academic license for non-commercial use only","results": [{ "assertion_string": "p2_0 ; itick -> STOP\n    [T= prioritise(p2_0t, <{}, {mark}, {itick, tick}, {tock}>)","errors": [],"is_negated": 0,"result": 1,"visited_states": 4,"visited_transitions": 5,"visited_plys": 3,"counterexamples": []}],"print_statement_results": [],"file_name": "GenFiles\/p2_0\/FDR\/p2_0_s7\/p2_0_s7.csp","event_map": {},"warnings": [],"errors": []}