{ "copyright_notice": "FDR Version 4.2.4 copyright 2016 Oxford University Innovation Ltd. All Rights Reserved.","license_type": "Academic license for non-commercial use only","results": [{ "assertion_string": "p1_2 ; itick -> STOP\n    [T= prioritise(p1_2t, <{}, {mark}, {itick, tick}, {tock}>)","errors": [],"is_negated": 0,"result": 1,"visited_states": 4,"visited_transitions": 4,"visited_plys": 4,"counterexamples": []}],"print_statement_results": [],"file_name": "GenFiles\/p1_2\/FDR\/p1_2_s6\/p1_2_s6.csp","event_map": {},"warnings": [],"errors": []}