{ "copyright_notice": "FDR Version 4.2.4 copyright 2016 Oxford University Innovation Ltd. All Rights Reserved.","license_type": "Academic license for non-commercial use only","results": [{ "assertion_string": "p0_6 ; itick -> STOP [] tp01\n    [T= prioritise(p0_6t, <{}, {mark}, {itick, tick}, {tock}>)","errors": [],"is_negated": 0,"result": 1,"visited_states": 12,"visited_transitions": 12,"visited_plys": 12,"counterexamples": []}],"print_statement_results": [],"file_name": "GenFiles\/p0_6\/FDR\/p0_6_s10\/p0_6_s10.csp","event_map": {},"warnings": [],"errors": []}