{ "copyright_notice": "FDR Version 4.2.4 copyright 2016 Oxford University Innovation Ltd. All Rights Reserved.","license_type": "Academic license for non-commercial use only","results": [{ "assertion_string": "p1_6 ; itick -> STOP\n    [T= prioritise(p1_6t, <{}, {mark}, {itick, tick}, {tock}>)","errors": [],"is_negated": 0,"result": 1,"visited_states": 5,"visited_transitions": 5,"visited_plys": 5,"counterexamples": []}],"print_statement_results": [],"file_name": "GenFiles\/p1_6\/FDR\/p1_6_s7\/p1_6_s7.csp","event_map": {},"warnings": [],"errors": []}