{ "copyright_notice": "FDR Version 4.2.4 copyright 2016 Oxford University Innovation Ltd. All Rights Reserved.","license_type": "Academic license for non-commercial use only","results": [{ "assertion_string": "p1_3 ; itick -> STOP\n    [T= prioritise(p1_3t, <{}, {mark}, {itick, tick}, {tock}>)","errors": [],"is_negated": 0,"result": 1,"visited_states": 3,"visited_transitions": 3,"visited_plys": 3,"counterexamples": []}],"print_statement_results": [],"file_name": "GenFiles\/p1_3\/FDR\/p1_3_s5\/p1_3_s5.csp","event_map": {},"warnings": [],"errors": []}