<?xml version="1.0" encoding="utf-8"?> 
<!DOCTYPE nta PUBLIC '-//Uppaal Team//DTD Flat System 1.1//EN' 'http://www.it.uu.se/research/group/darts/uppaal/flat-1_2.dtd'>

<nta>
<declaration>
  chan tick, iitick, itau, startID0_0, startIDion01, startID00_2, startID00_3, startID01_3, startID01_4, startID, startIDp1_E, startExcp0, startExcp1, startExcp2, startExcp3, startExcp4, startExcp5, startExcp6, startExcp7, startExcp8, startExcp9, startExcp10, startExcp11, startExcp12, startExcp13, startExcp14, startExcp15, finishID0, finishID1, finishID2, finishID3, finishID4, finishID5, finishID6, finishID7, finishID8, finishID9, finishID10, finishID11, finishID12, finishID13, finishID14, finishID15, e1_intrpt, e2_intrpt, e1, e2;
broadcast  chan tock, e1_exch, e2_exch, itau_exch;
  clock ck;
  bool ep_0_0 = 0, ep_ion01 = 0, ep_00_2 = 0, ep_00_3 = 0, ep_01_3 = 0, ep_01_4 = 0, ep_FID0 = 0, ep_e1_sync = 0, ep_e2_sync = 0, e1_intrpt_guard = 0, e2_intrpt_guard = 0;
  int d0_0 = 0, dion01 = 0, d00_2 = 0, d00_3 = 0, d01_3 = 0, d01_4 = 0, ready_c = 0, gIntrpt = 0, guard_c = 1, start = 0, dp = 0, tdeadline = 0, e1_exch_ready, e2_exch_ready, itau_exch_ready;
 int __reach__  = 0, __single__  = 0;     
// Needed for Uppaal to work correctly in the verification of reachability
</declaration>
// template for Env begins 

 <template>
 <name> Env</name> 

 <parameter> </parameter>

 <declaration>

</declaration>

<location id="taEnv" >   
<name> taEnv</name>


</location> 

<init ref="taEnv"/>

<transition>
<source ref="taEnv"/>
<target ref="taEnv"/>
<label kind="synchronisation"> e1?</label>
</transition> 


<transition>
<source ref="taEnv"/>
<target ref="taEnv"/>
<label kind="synchronisation"> e2?</label>
</transition> 


<transition>
<source ref="taEnv"/>
<target ref="taEnv"/>
<label kind="synchronisation"> startID0_0!</label>
<label kind="guard"> start==0 </label>
<label kind="assignment">start=1 </label>
</transition> 


<transition>
<source ref="taEnv"/>
<target ref="taEnv"/>
<label kind="synchronisation"> startIDp1_E!</label>
<label kind="guard"> start==0 </label>
<label kind="assignment">start=1 </label>
</transition> 


<transition>
<source ref="taEnv"/>
<target ref="taEnv"/>
<label kind="synchronisation"> finishID0?</label>
<label kind="assignment">dp+=1, ep_FID0=true </label>
</transition> 


<transition>
<source ref="taEnv"/>
<target ref="taEnv"/>
<label kind="synchronisation"> tick?</label>
</transition> 


<transition>
<source ref="taEnv"/>
<target ref="taEnv"/>
<label kind="synchronisation"> iitick?</label>
</transition> 


<transition>
<source ref="taEnv"/>
<target ref="taEnv"/>
<label kind="synchronisation"> itau?</label>
</transition> 


<transition>
<source ref="taEnv"/>
<target ref="taEnv"/>
<label kind="synchronisation"> tock!</label>
<label kind="guard"> ck&lt;=1 </label>
<label kind="assignment">ck=0 </label>
</transition> 
 </template> 
// template for Env ends

// template for taPrefix0_0 begins 

 <template>
 <name> taPrefix0_0</name> 

 <parameter> </parameter>

 <declaration>

</declaration>

<location id="id1" >   
<name> s1</name>


</location> 

<location id="id2" >   
<name> s2</name>


</location> 

<location id="id5" >   
<name> s5</name>

<committed/>
</location> 

<init ref="id1"/>

<transition>
<source ref="id1"/>
<target ref="id2"/>
<label kind="synchronisation"> startIDp1_E?</label>
</transition> 


<transition>
<source ref="id2"/>
<target ref="id5"/>
<label kind="synchronisation"> e1!</label>
<label kind="assignment">dp+=1, ep_0_0=true </label>
</transition> 


<transition>
<source ref="id5"/>
<target ref="id1"/>
<label kind="synchronisation"> startID0_1!</label>
</transition> 


<transition>
<source ref="id2"/>
<target ref="id2"/>
<label kind="synchronisation"> tock?</label>
</transition> 
 </template> 
// template for taPrefix0_0 ends

// template for taException01 begins 

 <template>
 <name> taException01</name> 

 <parameter> </parameter>

 <declaration>

</declaration>

<location id="id1" >   
<name> s1</name>


</location> 

<location id="id2" >   
<name> s2</name>

<committed/>
</location> 

<location id="id3" >   
<name> s3</name>


</location> 

<location id="id4" >   
<name> s4</name>

<committed/>
</location> 

<location id="id6" >   
<name> s6</name>

<committed/>
</location> 

<location id="id7" >   
<name> s7</name>


</location> 

<location id="id8" >   
<name> s8</name>

<committed/>
</location> 

<init ref="id1"/>

<transition>
<source ref="id1"/>
<target ref="id2"/>
<label kind="synchronisation"> startID0_1?</label>
</transition> 


<transition>
<source ref="id2"/>
<target ref="id3"/>
<label kind="synchronisation"> startID00_2!</label>
</transition> 


<transition>
<source ref="id3"/>
<target ref="id4"/>
<label kind="synchronisation"> finishID1?</label>
</transition> 


<transition>
<source ref="id4"/>
<target ref="id1"/>
<label kind="synchronisation"> finishID0!</label>
</transition> 


<transition>
<source ref="id3"/>
<target ref="id6"/>
<label kind="synchronisation"> startExcp1?</label>
</transition> 


<transition>
<source ref="id6"/>
<target ref="id7"/>
<label kind="synchronisation"> startID01_3!</label>
</transition> 


<transition>
<source ref="id7"/>
<target ref="id8"/>
<label kind="synchronisation"> finishID1?</label>
</transition> 


<transition>
<source ref="id8"/>
<target ref="id1"/>
<label kind="synchronisation"> finishID0!</label>
</transition> 
 </template> 
// template for taException01 ends

// template for taPrefix00_2 begins 

 <template>
 <name> taPrefix00_2</name> 

 <parameter> </parameter>

 <declaration>

</declaration>

<location id="id1" >   
<name> s1</name>


</location> 

<location id="id2" >   
<name> s2</name>


</location> 

<location id="id5" >   
<name> s5</name>

<committed/>
</location> 

<init ref="id1"/>

<transition>
<source ref="id1"/>
<target ref="id2"/>
<label kind="synchronisation"> startID00_2?</label>
</transition> 


<transition>
<source ref="id2"/>
<target ref="id5"/>
<label kind="synchronisation"> e1!</label>
<label kind="assignment">dp+=1, ep_00_2=true </label>
</transition> 


<transition>
<source ref="id5"/>
<target ref="id1"/>
<label kind="synchronisation"> startExcp1!</label>
</transition> 


<transition>
<source ref="id2"/>
<target ref="id2"/>
<label kind="synchronisation"> tock?</label>
</transition> 
 </template> 
// template for taPrefix00_2 ends

// template for taWait_n00_3 begins 

 <template>
 <name> taWait_n00_3</name> 

 <parameter> </parameter>

 <declaration>

</declaration>

<location id="id1" >   
<name> s1</name>


</location> 

<location id="id2" >   
<name> s2</name>


</location> 

<location id="id3" >   
<name> s3</name>

<committed/>
</location> 

<init ref="id1"/>

<transition>
<source ref="id1"/>
<target ref="id2"/>
<label kind="synchronisation"> startID00_3?</label>
</transition> 


<transition>
<source ref="id2"/>
<target ref="id2"/>
<label kind="synchronisation"> tock?</label>
</transition> 


<transition>
<source ref="id2"/>
<target ref="id3"/>
<label kind="synchronisation"> tick!</label>
</transition> 


<transition>
<source ref="id3"/>
<target ref="id1"/>
<label kind="synchronisation"> finishID1!</label>
</transition> 
 </template> 
// template for taWait_n00_3 ends

// template for taPrefix01_3 begins 

 <template>
 <name> taPrefix01_3</name> 

 <parameter> </parameter>

 <declaration>

</declaration>

<location id="id1" >   
<name> s1</name>


</location> 

<location id="id2" >   
<name> s2</name>


</location> 

<location id="id5" >   
<name> s5</name>

<committed/>
</location> 

<init ref="id1"/>

<transition>
<source ref="id1"/>
<target ref="id2"/>
<label kind="synchronisation"> startID01_3?</label>
</transition> 


<transition>
<source ref="id2"/>
<target ref="id5"/>
<label kind="synchronisation"> e2!</label>
<label kind="assignment">dp+=1, ep_01_3=true </label>
</transition> 


<transition>
<source ref="id5"/>
<target ref="id1"/>
<label kind="synchronisation"> startID01_4!</label>
</transition> 


<transition>
<source ref="id2"/>
<target ref="id2"/>
<label kind="synchronisation"> tock?</label>
</transition> 
 </template> 
// template for taPrefix01_3 ends

// template for taWait_n01_4 begins 

 <template>
 <name> taWait_n01_4</name> 

 <parameter> </parameter>

 <declaration>

</declaration>

<location id="id1" >   
<name> s1</name>


</location> 

<location id="id2" >   
<name> s2</name>


</location> 

<location id="id3" >   
<name> s3</name>

<committed/>
</location> 

<init ref="id1"/>

<transition>
<source ref="id1"/>
<target ref="id2"/>
<label kind="synchronisation"> startID01_4?</label>
</transition> 


<transition>
<source ref="id2"/>
<target ref="id2"/>
<label kind="synchronisation"> tock?</label>
</transition> 


<transition>
<source ref="id2"/>
<target ref="id3"/>
<label kind="synchronisation"> tick!</label>
</transition> 


<transition>
<source ref="id3"/>
<target ref="id1"/>
<label kind="synchronisation"> finishID1!</label>
</transition> 
 </template> 
// template for taWait_n01_4 ends

// template for SyncTA begins 

 <template>
 <name> SyncTA</name> 

 <parameter> </parameter>

 <declaration>

</declaration>

<location id="SyncPoint" >   
<name> SyncPoint</name>


</location> 

<init ref="SyncPoint"/>
 </template> 
// template for SyncTA ends


<system>
pEnv = Env();
ptaPrefix0_0 = taPrefix0_0();
ptaException01 = taException01();
ptaPrefix00_2 = taPrefix00_2();
ptaWait_n00_3 = taWait_n00_3();
ptaPrefix01_3 = taPrefix01_3();
ptaWait_n01_4 = taWait_n01_4();
pSyncTA = SyncTA();


system pEnv, ptaPrefix0_0, ptaException01, ptaPrefix00_2, ptaWait_n00_3, ptaPrefix01_3, ptaWait_n01_4, pSyncTA;
</system>

<queries>
<query><formula> E&lt;&gt;  ((dp == 6)) 
</formula>
<comment>  Can we gate a trace up to length 6 
</comment> 
</query> 
</queries>
</nta>