{ "copyright_notice": "FDR Version 4.2.4 copyright 2016 Oxford University Innovation Ltd. All Rights Reserved.","license_type": "Academic license for non-commercial use only","results": [{ "assertion_string": "p1_5 ; itick -> STOP [] tp01\n    [T= prioritise(p1_5t, <{}, {mark}, {itick, tick}, {tock}>)","errors": [],"is_negated": 0,"result": 1,"visited_states": 45,"visited_transitions": 50,"visited_plys": 11,"counterexamples": []}],"print_statement_results": [],"file_name": "GenFiles\/p1_5\/FDR\/p1_5_s9\/p1_5_s9.csp","event_map": {},"warnings": [],"errors": []}