{ "copyright_notice": "FDR Version 4.2.4 copyright 2016 Oxford University Innovation Ltd. All Rights Reserved.","license_type": "Academic license for non-commercial use only","results": [{ "assertion_string": "p1_0 ; itick -> STOP\n    [T= prioritise(p1_0t, <{}, {mark}, {itick, tick}, {tock}>)","errors": [],"is_negated": 0,"result": 1,"visited_states": 2,"visited_transitions": 2,"visited_plys": 2,"counterexamples": []}],"print_statement_results": [],"file_name": "GenFiles\/p1_0\/FDR\/p1_0_s4\/p1_0_s4.csp","event_map": {},"warnings": [],"errors": []}